"NULL","total funding received under the party leaders allowance for 2002€","total funding received under the electoral acts for 2002€","overall total exchequer funding for 2002€"
"fianna f&aacute;il","2094432","1898164","3992596"
"fine gael","1826963","1193566","3020529"
"labour party","1052611","627385","1679996"
"progressive democrats","331620","307594","639214"
"green party","232629","272834","505463"
"sinn f&eacute;in","182322","347664","529986"
"socialist party","50305","n/a","50305"
"total","5770882","4647207","10418089"
