"rang","name","staat(en)","fläche-(km²)","länge-(km)","max.-tiefe-(m)","volumen-(km³)"
"1.","kaspisches-meer","aserbaidschanrusslandkasachstanturkmenistaniran","371.000","1199","1025","78.200"
"2.","oberer-see","usa-kanada","82.414","616","405","12.100"
"3.","victoriasee","keniatansaniauganda","69.485","322","84","2750"
"4.","huronsee","usa-kanada","59.596","397","229","3540"
"5.","michigansee","usa","58.016","517","282","4918"
"6.","tanganjikasee","tansaniadr-kongosambiaburundi","32.893","676","1470","18.900"
"7.","baikalsee","russland","31.500","636","1680 (2008)","23.600"
"8.","großer-bärensee","kanada","31.080","373","446","2236"
"9.","malawisee","malawimosambiktansania","30.044","579","706","8400"
"10.","großer-sklavensee","kanada","28.930","480","614","2090"
"11.","eriesee","usa-kanada","25.719","388","64","489"
"12.","winnipegsee","kanada","23.553","425","18","283"
"13.","ontariosee","usa-kanada","19.477","311","244","1639"
"14.","balchaschsee","kasachstan","18.428","605","26","106"
"15.","ladogasee","russland","18.130","219","230","908"
"16.","aralsee","kasachstanusbekistan","17.160","428","-","-"
"17.","wostoksee","antarktis","15.690","250","1000","5400"
"18.","onegasee","russland","9891","248","120","280"
"19.","titicacasee","bolivien-peru","8135","177","281","893"
"20.","nicaraguasee","nicaragua","8001","177","26","-"
"21.","athabascasee","kanada","7920","335","243","204"
"22.","turkanasee","kenia-äthiopien","6405","248","109","204"
"23.","reindeer-lake","kanada","6330","245","337"," "
"24.","issyk-kul","kirgisistan","6200","182","668","1738"
"25.","urmia-see","iran","6001","130","16","-"
"26.","koko-nor","vr-china","5694","-","-","-"
"27.","vänern","schweden","5545","140","106","153"
"28.","lake-winnipegosis","kanada","5403","245","-","-"
"29.","albertsee","ugandadr-kongo","5299","161","58","280"
"30.","mwerusee","sambiadr-kongo","5120","-","27","-"
"31.","nettilling-lake","kanada","5051","123","-","-"
"32.","lake-nipigon","kanada","4848","-","165","-"
"33.","lake-manitoba","kanada","4706","200","-","-"
"34.","taimyrsee","russland","4560","250","26","-"
"35.","chankasee","russlandvr-china","4400","80","-","-"
"36.","lake-of-the-woods","kanada-usa","4390","120","-","-"
"37.","lake-dubawnt","kanada","3833","-","-","-"
"38.","vansee","türkei","3740","120","457","-"
"39.","tanasee","äthiopien","3628","84","14","-"
"40.","peipussee","estlandrussland","3555","143","14","-"
"41.","ubsa-nor","mongolei","3350","200","-","-"
"42.","amadjuak-lake","kanada","3115","80","-","-"
"43.","aydar-ko?l","usbekistan","3000","250","-","443"
"44.","kiwusee","dr-kongoruanda","2650","-","450","-"
"45.","alakol","kasachstan","2650","-","54","586"
"46.","iliamna-lake","usa","2622","120","&gt;150","-"
"47.","chubsogol-nor","mongolei","2620","136","262","-"
"48.","poopó-see","bolivien","2600","-","-","402"
"49.","lake-garry","kanada","2538","-","-","-"
"50.","eduardsee","dr-kongouganda","2325","65","112","-"
"51.","wollaston-lake","kanada","2286","-","71","75"
"52.","nueltin-lake","kanada","2279","-","-","-"
"53.","tai-hu","vr-china","2250","-","-","-"
"54.","southern-indian-lake","kanada","2248","-","-","-"
"55.","yathkyed-lake","kanada","2227","-","-","-"
"56.","nam-tso","vr-china","2207","70","33","-"
"57.","lake-mistassini","kanada","2176","150","-","-"
"58.","hungtze-hu","vr-china","1960","-","-","-"
"59.","vättern","schweden","1912","-","119","-"
"60.","lake-okeechobee","usa","1890","56","4","-"
"61.","lago-buenos-aires","chileargentinien","1850","-","590","-"
"62.","tschelkar-tengis","kasachstan","1825","-","-","-"
"63.","hara-usa-nor","mongolei","1760","-","-","-"
"64.","saimaa","finnland","1760","-","85","36"
"65.","manzalasee","ägypten","1709","-","-","-"
"66.","tschanysee","russland","1700","-","12","-"
"67.","ziling-tso","vr-china","1640","72","33","-"
"68.","lake-pontchartrain","usa","1630","64","426","-"
"69.","tuz-gölü","türkei","1620","80","2","-"
"70.","tengis-ozero","kasachstan","1590","-","-","-"
"71.","lago-argentino","argentinien","1490","-","500","-"
"72.","baker-lake","kanada","1480","-","-","-"
"73.","lake-claire","kanada","1436","59","-","-"
"74.","island-lake","kanada","1425","-","-","-"
"75.","lac-seul","kanada","1396","241","47","-"
"76.","lac-a-l'eau-claire","kanada","1386","-","-","-"
"77.","hirgis-nur","mongolei","1360","-","-","-"
"78.","moose-lake","kanada","1359","-","-","-"
"79.","cedar-lake","kanada","1339","-","-","-"
"80.","tangra-tso","vr-china","1295","-","-","-"
"81.","tobasee","indonesien","1264","100","505","240"
"82.","lac-minto","kanada","1256","-","-","-"
"83.","lake-aberdeen","kanada","1230","90","-","-"
"84.","wyg-ozero","russland","1200","-","-","-"
"85.","lac-la-martre","kanada","1174","-","-","-"
"86.","kleiner-sklavensee","kanada","1168","97","205","-"
"87.","lac-la-ronge","kanada","1166","-","-","-"
"88.","cree-lake","kanada","1155","-","-","-"
"89.","abajasee","äthiopien","1150","72","13","-"
"90.","hawr-as-saniyah","irak","1142","-","-","-"
"91.","mälaren","schweden","1140","115","66","143"
"92.","lake-champlain","usa-kanada","1130","180","121","-"
"93.","beloje-ozero","russland","1125","-","-","-"
"94.","lake-st.clair","kanada-usa","1114","42","82","4"
"95.","lac-sakami","kanada","1100","-","-","-"
"96.","napaktulik-lake","kanada","1080","-","-","-"
"97.","kasba-lake","kanada","1077","-","-","-"
"98.","päijänne","finnland","1068","-","95","-"
"99.","mackay-lake","kanada","1061","-","-","-"
"100.","chapalasee","mexiko","1056","80","12","-"
"101.","top-ozero","russland","1049","-","-","-"
"102.","inarisee","finnland","1040","80","92","-"
"103.","kamilukuak-lake","kanada","1036","-","-","-"
"104.","kuschmurunsee","kasachstan","1036","-","-","-"
"105.","managuasee","nicaragua","1035","65","-","-"
"106.","ebi-nor","vr-china","1024","-","-","-"
"107.","lac-bienville","kanada","1015","-","-","-"
"108.","granville-lake","kanada","1015","-","-","-"
"109.","lago-san-martin","chileargentinien","1010","-","-","-"
"110.","lac-st.-jean","kanada","1003","438","63","-"
